{"0": [1.0, 1.049293, 1.69993, 2.598346, 3.295898, 3.427051, 2.853883, 1.721289, 0.401661, -0.649713, -1.072949, -0.746873, 0.158123, 1.238679, 2.006947, 2.072949, 1.291753, -0.180429, -1.942521, -3.495923, -4.427051, -4.555971, -3.995149, -3.096732, -2.309367, -2.0, -2.309367, -3.096732, -3.995149, -4.555971, -4.427051, -3.495923, -1.942521, -0.180429, 1.291753, 2.072949, 2.006947, 1.238679, 0.158123, -0.746873, -1.072949, -0.649713, 0.401661, 1.721289, 2.853883, 3.427051, 3.295898, 2.598346, 1.69993, 1.049293, 1.0, 1.667327, 2.875501, 4.21638, 5.198011, 5.427051, 4.755996, 3.339323, 1.577232, -0.031679, -1.072949, -1.364907, -1.017448, -0.379355, 0.104834, 0.072949, -0.61036, -1.798463, -3.118091, -4.113957, -4.427051, -3.937937, -2.819578, -1.478699, -0.407254, 0.0, -0.407254, -1.478699, -2.819578, -3.937937, -4.427051, -4.113957, -3.118091, -1.798463, -0.61036, 0.072949, 0.104834, -0.379355, -1.017448, -1.364907, -1.072949, -0.031679, 1.577232, 3.339323, 4.755996, 5.427051, 5.198011, 4.21638, 2.875501, 1.667327], "1": [5.914214, 4.515124, 2.51107, 0.44505, -1.291303, -2.559481, -3.425708, -4.011067, -4.342066, -4.297556, -3.687212, -2.415747, -0.63151, 1.240105, 2.618585, 3.000361, 2.190929, 0.418794, -1.732541, -3.548867, -4.462482, -4.253843, -3.089474, -1.392045, 0.378369, 1.914214, 3.128927, 4.084641, 4.84017, 5.323563, 5.315973, 4.565771, 2.971769, 0.727387, -1.669118, -3.565376, -4.406969, -3.972789, -2.477607, -0.488602, 1.306235, 2.367739, 2.487804, 1.807327, 0.679089, -0.537781, -1.637003, -2.598021, -3.489493, -4.31615, -4.914214, -4.971826, -4.176913, -2.417042, 0.082105, 2.768538, 4.939698, 6.009313, 5.741393, 4.339441, 2.34895, 0.422762, -0.935877, -1.532271, -1.477158, -1.044065, -0.4802, 0.119045, 0.805949, 1.660114, 2.635391, 3.478812, 3.786618, 3.183469, 1.53627, -0.914214, -3.585629, -5.750483, -6.812162, -6.532761, -5.106916, -3.051781, -0.973523, 0.671939, 1.711003, 2.227114, 2.413984, 2.405402, 2.185441, 1.630029, 0.650061, -0.65701, -1.949964, -2.733919, -2.567842, -1.28931, 0.861972, 3.295165, 5.280917, 6.230789], "2": [-0.133975, -0.738877, -1.707487, -1.801453, -0.29882, 2.219139, 4.149743, 4.038022, 1.709157, -1.550709, -3.921573, -4.351749, -3.209579, -1.800166, -1.19002, -1.333788, -1.222659, 0.093837, 2.500162, 4.705306, 5.170196, 3.339112, 0.167173, -2.509813, -3.283791, -2.133975, -0.296413, 0.81266, 0.718694, 0.143643, 0.219139, 1.356138, 2.753943, 2.993236, 1.242896, -1.921573, -4.794212, -5.729726, -4.320313, -1.632483, 0.666212, 1.570946, 1.377916, 1.216083, 1.911702, 3.170196, 3.781575, 2.68732, 0.010334, -2.841328, -4.133975, -3.090018, -0.471419, 2.002773, 2.937248, 2.219139, 0.913675, 0.233796, 0.473089, 0.800432, 0.078427, -2.000608, -4.445647, -5.604392, -4.426088, -1.333788, 2.013409, 3.898063, 3.73623, 2.354165, 1.170196, 0.987971, 1.403241, 1.294413, -0.047723, -2.133975, -3.532481, -2.991566, -0.517374, 2.494784, 4.219139, 3.707279, 1.517875, -0.81099, -1.993172, -1.921573, -1.558144, -1.9255, -3.084245, -3.983624, -3.333788, -0.780195, 2.613984, 5.020309, 5.14777, 3.170196, 0.545507, -1.116906, -1.225734, -0.490187], "3": [5.707107, 4.347993, 3.029396, 2.141488, 1.929108, 2.399179, 3.325999, 4.350783, 5.130373, 5.46913, 5.37709, 5.032181, 4.668537, 4.446429, 4.366734, 4.270931, 3.926625, 3.157608, 1.955544, 0.51774, -0.811019, -1.670359, -1.833041, -1.304511, -0.328188, 0.707107, 1.417858, 1.569509, 1.151739, 0.355456, -0.533978, -1.275513, -1.778296, -2.126691, -2.515202, -3.126808, -4.015034, -5.048572, -5.948156, -6.401964, -6.208344, -5.380331, -4.162278, -2.947721, -2.131939, -1.962163, -2.449714, -3.380773, -4.41856, -5.249447, -5.707107, -5.820491, -5.767584, -5.760797, -5.921215, -6.203405, -6.408052, -6.277798, -5.631706, -4.474371, -3.025949, -1.654869, -0.739388, -0.51728, -0.989423, -1.91979, -2.931865, -3.658941, -3.882559, -3.599792, -2.993208, -2.321748, -1.786267, -1.433677, -1.14431, -0.707107, 0.05464, 1.16868, 2.46757, 3.636651, 4.338205, 4.357566, 3.705311, 2.628024, 1.520442, 0.775667, 0.637722, 1.119423, 2.019007, 3.024652, 3.857203, 4.385572, 4.663611, 4.874736, 5.213992, 5.766389, 6.441821, 7.000081, 7.156748, 6.721945], "4": [3.0, 2.311383, 1.255662, -0.313166, -2.320757, -4.276203, -5.397871, -5.0348, -3.118203, -0.319125, 2.236068, 3.54684, 3.263756, 1.832955, 0.181306, -0.840322, -0.895825, -0.228849, 0.6323, 1.276047, 1.618034, 1.797587, 1.89098, 1.713627, 0.906643, -0.732051, -2.926352, -4.890906, -5.679742, -4.727606, -2.236068, 0.866073, 3.388078, 4.489304, 4.0648, 2.68639, 1.176084, 0.118003, -0.37605, -0.539207, -0.618034, -0.62576, -0.375882, 0.248053, 1.031661, 1.430136, 0.885753, -0.736737, -2.917047, -4.656697, -5.0, -3.586231, -0.8809, 2.06578, 4.18031, 4.894237, 4.326218, 3.05057, 1.660266, 0.444707, -0.618034, -1.609674, -2.412198, -2.684514, -2.118473, -0.777712, 0.770244, 1.686787, 1.35193, -0.204393, -2.236068, -3.65714, -3.643594, -2.088389, 0.368205, 2.732051, 4.2012, 4.516144, 3.927128, 2.868053, 1.618034, 0.205581, -1.403848, -3.031366, -4.190381, -4.304424, -3.11325, -0.969562, 1.227608, 2.476374, 2.236068, 0.751341, -1.082056, -2.232283, -2.103315, -0.812102, 0.9738, 2.489351, 3.29181, 3.381849], "5": [-0.133975, -1.39679, -4.020829, -6.475281, -7.30272, -5.993946, -3.275594, -0.63786, 0.595674, 0.071011, -1.419974, -2.490428, -2.077329, -0.138739, 2.315895, 3.881326, 3.678617, 1.952095, -0.047057, -0.827517, 0.40228, 3.212905, 6.184769, 7.754616, 7.155145, 4.866025, 2.29958, 0.922128, 1.362199, 3.060077, 4.668597, 4.940873, 3.536029, 1.230469, -0.596936, -0.873957, 0.445766, 2.318698, 3.25264, 2.253988, -0.516929, -3.801799, -5.986339, -6.071952, -4.274548, -1.879449, -0.445205, -0.854175, -2.799758, -5.022319, -6.133975, -5.504073, -3.644085, -1.852201, -1.350032, -2.467234, -4.399882, -5.703828, -5.215825, -2.819512, 0.434128, 2.938535, 3.50133, 2.070008, -0.238781, -1.825013, -1.579223, 0.459956, 3.167904, 5.066206, 5.256382, 3.964904, 2.360226, 1.766456, 2.781334, 4.866025, 6.673392, 6.910288, 5.186743, 2.308078, -0.185505, -0.95285, 0.321068, 2.722608, 4.660904, 4.832382, 3.000442, 0.109951, -2.326019, -3.174975, -2.371031, -0.911277, -0.17484, -1.005985, -3.15026, -5.40616, -6.397893, -5.477254, -3.176501, -0.915037], "6": [2.414214, -0.889933, -3.187589, -3.678982, -2.397691, -0.151523, 1.882504, 2.716927, 2.006683, 0.18865, -1.752177, -2.775776, -2.304899, -0.521797, 1.698763, 3.192992, 3.062814, 1.123552, -1.967472, -4.968722, -6.58862, -6.057814, -3.480924, 0.193184, 3.572147, 5.414214, 5.151196, 3.108774, 0.330296, -1.910392, -2.68234, -1.796462, 0.147292, 2.078392, 2.985208, 2.405111, 0.645252, -1.36889, -2.545598, -2.166765, -0.260111, 2.375508, 4.510907, 5.042393, 3.509515, 0.335414, -3.325634, -6.071039, -6.850049, -5.413745, -2.414214, 0.889933, 3.187589, 3.678982, 2.397691, 0.151523, -1.882504, -2.716927, -2.006683, -0.18865, 1.752177, 2.775776, 2.304899, 0.521797, -1.698763, -3.192992, -3.062814, -1.123552, 1.967472, 4.968722, 6.58862, 6.057814, 3.480924, -0.193184, -3.572147, -5.414214, -5.151196, -3.108774, -0.330296, 1.910392, 2.68234, 1.796462, -0.147292, -2.078392, -2.985208, -2.405111, -0.645252, 1.36889, 2.545598, 2.166765, 0.260111, -2.375508, -4.510907, -5.042393, -3.509515, -0.335414, 3.325634, 6.071039, 6.850049, 5.413745],